Khewat Number,588
Village,तारूआना
Total Area Kanal,99,Total Area Marla,0

Owner Name,Recorded Fraction,Recorded Share,Sold / Deducted,Real Ownership,Real Fraction
जगपाल सिंह पुत्र दर्शन सिंह पुत्र सुरजीत सिंह,2/891,0-4-4,0-0-0,0-4-4,2/891
वासी महकदीप सिंह पुत्र जसकर्ण सिंह उर्फ जगदीश सिंह पुत्र सुरजीत सिंह,4/891,0-8-8,0-0-0,0-8-8,4/891
वासी लवजोत सिंह पुत्र कुलविन्द्र सिंह पुत्र सुरजीत सिंह,4/891,0-8-8,0-0-0,0-8-8,4/891
"वासी गुरनाम सिंह , गुरमेल सिंह पुत्रान गुरचरन सिंह पुत्र बिशन सिंह",1/9,11-0-0,0-0-0,11-0-0,1/9
सुखजीत कौर पत्नी बलकर्ण सिह पुत्र दलवारा सिह,7/396,1-15-0,0-0-0,1-15-0,7/396
मनजीत कौर पत्नी जसकर्ण सिह पुत्र दलवारा सिह,7/396,1-15-0,0-0-0,1-15-0,7/396
गुरपाल सिह पुत्र दलविन्द्र सिह उर्फ दविन्द्र सिह पुत्र कौर सिह,2/297,0-13-3,0-0-0,0-13-3,2/297
वासी हरपाल सिह पुत्र भुपिन्द्र सिह पुत्र कौर सिह,2/297,0-13-3,0-0-0,0-13-3,2/297
वासी गुरविन्द्र सिह पुत्र गुरमेल सिह पुत्र मेजर सिह,2/297,0-13-3,0-0-0,0-13-3,2/297
"वासी मलकीयत सिह , गुरप्रीत सिह पुत्रान प्रगट सिह पुत्र मेजर सिह",2/297,0-13-3,0-0-0,0-13-3,2/297
"वासी शमशेर सिह , केहर सिह पुत्रान सुखदेव सिह पुत्र बिशन सिह",5/66,7-10-0,0-0-0,7-10-0,5/66
परमिन्द्र सिंह पुत्र अवतार सिंह पुत्र सुरजीत सिंह,1/12,8-5-0,0-0-0,8-5-0,1/12
सतपाल सिह पुत्र गुरबचन सिह पुत्र बिशन सिह,19/220,8-11-0,0-0-0,8-11-0,19/220
सुखपाल सिह पुत्र गुरबचन सिह पुत्र बिशन सिह,2/891,0-4-4,0-0-0,0-4-4,2/891
वासी अमनदीप सिह पुत्र सुखपाल सिह पुत्र गुरबचन सिह,7/198,3-10-0,0-0-0,3-10-0,7/198
जसकीरत सिह पुत्र बलजिन्द्र सिह पुत्र सतपाल सिह,79/1980,3-19-0,0-0-0,3-19-0,79/1980
जसवीर सिह पुत्र गुरबचन सिह पुत्र बिशन सिह,7/198,3-10-0,0-0-0,3-10-0,7/198
"राजवीर सिह , बलकरण सिह पुत्रान भजन सिह पुत्र अजमेर सिह",7/220,3-3-0,0-0-0,3-3-0,7/220
"वासी हरपाल सिह , लखवीर सिह पुत्रान जगसीर सिह पुत्र अजमेर सिह",1/36,2-15-0,0-0-0,2-15-0,1/36
"अजैब सिंह , मिठू सिंह , रणजोध सिंह पुत्रान सरुप सिंह पुत्र अर्जुन सिंह",2/99,2-0-0,0-0-0,2-0-0,2/99
वासी वीरपाल कौर पत्नी जसपाल सिंह पुत्र जरनैल सिंह,17/396,4-5-0,0-0-0,4-5-0,17/396
जसवीर कौर पत्नी साधू सिंह पुत्र नछत्र सिंह,19/660,2-17-0,0-0-0,2-17-0,19/660
गुरनिशान सिंह पुत्र गुरमेल सिंह पुत्र गुरचरण सिंह,1/36,2-15-0,0-0-0,2-15-0,1/36
"गुरबख्शीश सिंह , अमरधीर सिंह पुत्रान गुरनाम सिंह पुत्र गुरचरण सिंह",1/36,2-15-0,0-0-0,2-15-0,1/36
गुरमीत सिह पुत्र जगदेव सिह पुत्र गुरतेज सिह,65/396,16-5-0,0-0-0,16-5-0,65/396
इन्द्रजीत सिंह पुत्र राम सिंह पुत्र सुरजीत सिंह,3/44,6-15-0,0-0-0,6-15-0,3/44
करमजीत कौर पत्नी जगदेव सिंह पुत्र गुरतेज सिह,7/396,1-15-0,0-0-0,1-15-0,7/396

Khatoni,Cultivator / Buyer,Fraction,Khasra No.,Area,Deduct
834,वसाखा सिह,,,,NO,
834,1/3 भाग,1/3,1/1,5-5 नहरी,NO,
834,"हरपाल सिह ,",,,,NO,
834,लखवीर सिह,,16 मिन,1-15 नहरी,NO,
834,हर दो समभाग,,,,NO,
834,1/3 भाग,1/3,24/2,0-8 नहरी,NO,
834,"राजवीर सिह ,",,,,NO,
834,बलकरण सिह,,4/2,2-18 नहरी,NO,
834,हर दो समभाग,,5 मिन,1-14 नहरी,NO,
834,1/3 भाग,1/3,,,NO,
835,गुरचरन सिंह पुत्र,,,,NO,
835,विशन सिंह पुत्र,,21/2,3-6 बारानी,NO,
835,बुध सिंह,,22/2,3-16 बारानी,NO,
836,गुरतेज सिंह पुत्र,,,,NO,
836,विशन सिंह पुत्र,,23,7-7 नहरी,NO,
836,बुध सिंह,,24,7-7 नहरी,NO,
837,गुरबचन सिंह पुत्र,,,,NO,
837,विशन सिंह पुत्र,,15,1-11 नहरी,NO,
837,बुध सिंह,,16 मिन,4-9 नहरी,NO,
838,सरजीत सिंह पुत्र,,,,NO,
838,विशन सिंह पुत्र,,25/2,1-10 नहरी,NO,
838,बुध सिंह,,,,NO,
839,गुरबचन सिंह - सतपाल सिंह,,,,NO,
839,कर्मजीत कौर विधवा,,1/2,1-15 नहरी,NO,
839,जगदेव सिंह पुत्र,,2/2,2-0 नहरी,NO,
839,गुरतेज सिंह,,9/1,4-0 नहरी,NO,
839,5/6 भाग,5/6,10/1,3-10 नहरी,NO,
839,र्माफत,,किते 5,17-2,NO,
839,करतार कौर पत्नी व,,,,NO,
839,"शमशेर सिंह ,",,,,NO,
839,केहर सिंह पुत्रान,,,,NO,
839,सुखदेव सिंह,,,,NO,
839,हर तीन समभाग,,,,NO,
839,गुरमीत सिंह पुत्र,,,,NO,
839,जगदेव सिंह पुत्र,,,,NO,
839,गुरतेज सिंह,,,,NO,
839,1/6 भाग,1/6,,,NO,
840,भजन सिह,,,,YES,
840,1/2 भाग,1/2,25/1,4-0 नहरी,YES,
840,"छिन्द्र कोर ,",,,,YES,
840,"वीरपाल ,",,,,YES,
840,"हरपाल सिह ,",,,,YES,
840,लखवीर सिह,,,,YES,
840,हर चार समभाग,,,,YES,
840,1/2 भाग,1/2,,,YES,
840,बायान,,,,YES,
840,"गुरमेल सिंह ,",,,,YES,
840,प्रगट सिंह पुत्रान,,,,YES,
840,मेजर सिंह पुत्र,,,,YES,
840,दलीप सिंह,,,,YES,
840,हर दो समभाग,,,,YES,
840,1/2 भाग,1/2,,,YES,
840,"बलकरण सिंह ,",,,,YES,
840,जसकरण सिंह पुत्रान,,,,YES,
840,मिठु सिंह पुत्र,,,,YES,
840,सरुप सिंह,,,,YES,
840,हर दो समभाग,,,,YES,
840,1/2 भाग,1/2,,,YES,
840,-------------------------,,किते 29,99-0,YES,
